a1,a2,a3,a4,a5,a6,b1,b2,b3,b4,b5,b6,c1,c2,c3,c4,c5,c6,d1,d2,d3,d4,d5,d6,e1,e2,e3,e4,e5,e6,f1,f2,f3,f4,f5,f6,g1,g2,g3,g4,g5,g6,Result
b,b,b,b,b,b,b,b,b,b,b,b,x,o,b,b,b,b,x,o,x,o,x,o,b,b,b,b,b,b,b,b,b,b,b,b,b,b,b,b,b,b,win
b,b,b,b,b,b,b,b,b,b,b,b,x,b,b,b,b,b,x,o,x,o,x,o,o,b,b,b,b,b,b,b,b,b,b,b,b,b,b,b,b,b,win
b,b,b,b,b,b,o,b,b,b,b,b,x,b,b,b,b,b,x,o,x,o,x,o,b,b,b,b,b,b,b,b,b,b,b,b,b,b,b,b,b,b,win
b,b,b,b,b,b,b,b,b,b,b,b,x,b,b,b,b,b,x,o,x,o,x,o,b,b,b,b,b,b,o,b,b,b,b,b,b,b,b,b,b,b,win
o,b,b,b,b,b,b,b,b,b,b,b,x,b,b,b,b,b,x,o,x,o,x,o,b,b,b,b,b,b,b,b,b,b,b,b,b,b,b,b,b,b,win
b,b,b,b,b,b,b,b,b,b,b,b,x,b,b,b,b,b,x,o,x,o,x,o,b,b,b,b,b,b,b,b,b,b,b,b,o,b,b,b,b,b,win
b,b,b,b,b,b,x,b,b,b,b,b,o,b,b,b,b,b,x,o,x,o,x,o,b,b,b,b,b,b,b,b,b,b,b,b,b,b,b,b,b,b,draw
b,b,b,b,b,b,x,b,b,b,b,b,b,b,b,b,b,b,x,o,x,o,x,o,o,b,b,b,b,b,b,b,b,b,b,b,b,b,b,b,b,b,win
b,b,b,b,b,b,x,o,b,b,b,b,b,b,b,b,b,b,x,o,x,o,x,o,b,b,b,b,b,b,b,b,b,b,b,b,b,b,b,b,b,b,win
b,b,b,b,b,b,x,b,b,b,b,b,b,b,b,b,b,b,x,o,x,o,x,o,b,b,b,b,b,b,o,b,b,b,b,b,b,b,b,b,b,b,win
o,b,b,b,b,b,x,b,b,b,b,b,b,b,b,b,b,b,x,o,x,o,x,o,b,b,b,b,b,b,b,b,b,b,b,b,b,b,b,b,b,b,win
b,b,b,b,b,b,x,b,b,b,b,b,b,b,b,b,b,b,x,o,x,o,x,o,b,b,b,b,b,b,b,b,b,b,b,b,o,b,b,b,b,b,win
x,b,b,b,b,b,b,b,b,b,b,b,o,b,b,b,b,b,x,o,x,o,x,o,b,b,b,b,b,b,b,b,b,b,b,b,b,b,b,b,b,b,win
x,b,b,b,b,b,b,b,b,b,b,b,b,b,b,b,b,b,x,o,x,o,x,o,o,b,b,b,b,b,b,b,b,b,b,b,b,b,b,b,b,b,win
x,b,b,b,b,b,o,b,b,b,b,b,b,b,b,b,b,b,x,o,x,o,x,o,b,b,b,b,b,b,b,b,b,b,b,b,b,b,b,b,b,b,loss
x,b,b,b,b,b,b,b,b,b,b,b,b,b,b,b,b,b,x,o,x,o,x,o,b,b,b,b,b,b,o,b,b,b,b,b,b,b,b,b,b,b,win
x,o,b,b,b,b,b,b,b,b,b,b,b,b,b,b,b,b,x,o,x,o,x,o,b,b,b,b,b,b,b,b,b,b,b,b,b,b,b,b,b,b,win
x,b,b,b,b,b,b,b,b,b,b,b,b,b,b,b,b,b,x,o,x,o,x,o,b,b,b,b,b,b,b,b,b,b,b,b,o,b,b,b,b,b,win
b,b,b,b,b,b,b,b,b,b,b,b,o,o,b,b,b,b,x,o,x,o,x,x,b,b,b,b,b,b,b,b,b,b,b,b,b,b,b,b,b,b,loss
b,b,b,b,b,b,b,b,b,b,b,b,o,b,b,b,b,b,x,o,x,o,x,x,o,b,b,b,b,b,b,b,b,b,b,b,b,b,b,b,b,b,win
b,b,b,b,b,b,o,b,b,b,b,b,o,b,b,b,b,b,x,o,x,o,x,x,b,b,b,b,b,b,b,b,b,b,b,b,b,b,b,b,b,b,win
b,b,b,b,b,b,b,b,b,b,b,b,o,b,b,b,b,b,x,o,x,o,x,x,b,b,b,b,b,b,o,b,b,b,b,b,b,b,b,b,b,b,win
o,b,b,b,b,b,b,b,b,b,b,b,o,b,b,b,b,b,x,o,x,o,x,x,b,b,b,b,b,b,b,b,b,b,b,b,b,b,b,b,b,b,win
b,b,b,b,b,b,b,b,b,b,b,b,o,b,b,b,b,b,x,o,x,o,x,x,b,b,b,b,b,b,b,b,b,b,b,b,o,b,b,b,b,b,draw
b,b,b,b,b,b,b,b,b,b,b,b,o,x,b,b,b,b,x,o,x,o,x,o,b,b,b,b,b,b,b,b,b,b,b,b,b,b,b,b,b,b,win
b,b,b,b,b,b,b,b,b,b,b,b,o,x,o,b,b,b,x,o,x,o,x,b,b,b,b,b,b,b,b,b,b,b,b,b,b,b,b,b,b,b,win
b,b,b,b,b,b,b,b,b,b,b,b,o,x,b,b,b,b,x,o,x,o,x,b,o,b,b,b,b,b,b,b,b,b,b,b,b,b,b,b,b,b,win
b,b,b,b,b,b,o,b,b,b,b,b,o,x,b,b,b,b,x,o,x,o,x,b,b,b,b,b,b,b,b,b,b,b,b,b,b,b,b,b,b,b,win
b,b,b,b,b,b,b,b,b,b,b,b,o,x,b,b,b,b,x,o,x,o,x,b,b,b,b,b,b,b,o,b,b,b,b,b,b,b,b,b,b,b,win
o,b,b,b,b,b,b,b,b,b,b,b,o,x,b,b,b,b,x,o,x,o,x,b,b,b,b,b,b,b,b,b,b,b,b,b,b,b,b,b,b,b,win
b,b,b,b,b,b,b,b,b,b,b,b,o,x,b,b,b,b,x,o,x,o,x,b,b,b,b,b,b,b,b,b,b,b,b,b,o,b,b,b,b,b,win
b,b,b,b,b,b,b,b,b,b,b,b,o,o,b,b,b,b,x,o,x,o,x,b,x,b,b,b,b,b,b,b,b,b,b,b,b,b,b,b,b,b,loss
b,b,b,b,b,b,b,b,b,b,b,b,o,b,b,b,b,b,x,o,x,o,x,b,x,o,b,b,b,b,b,b,b,b,b,b,b,b,b,b,b,b,draw
b,b,b,b,b,b,o,b,b,b,b,b,o,b,b,b,b,b,x,o,x,o,x,b,x,b,b,b,b,b,b,b,b,b,b,b,b,b,b,b,b,b,win
b,b,b,b,b,b,b,b,b,b,b,b,o,b,b,b,b,b,x,o,x,o,x,b,x,b,b,b,b,b,o,b,b,b,b,b,b,b,b,b,b,b,loss
o,b,b,b,b,b,b,b,b,b,b,b,o,b,b,b,b,b,x,o,x,o,x,b,x,b,b,b,b,b,b,b,b,b,b,b,b,b,b,b,b,b,win
b,b,b,b,b,b,b,b,b,b,b,b,o,b,b,b,b,b,x,o,x,o,x,b,x,b,b,b,b,b,b,b,b,b,b,b,o,b,b,b,b,b,win
b,b,b,b,b,b,x,b,b,b,b,b,o,o,b,b,b,b,x,o,x,o,x,b,b,b,b,b,b,b,b,b,b,b,b,b,b,b,b,b,b,b,loss
b,b,b,b,b,b,x,b,b,b,b,b,o,b,b,b,b,b,x,o,x,o,x,b,o,b,b,b,b,b,b,b,b,b,b,b,b,b,b,b,b,b,win
b,b,b,b,b,b,x,o,b,b,b,b,o,b,b,b,b,b,x,o,x,o,x,b,b,b,b,b,b,b,b,b,b,b,b,b,b,b,b,b,b,b,loss
